Citing Document,Citation Language,"Citation Language Location 
(Page Within Citing Doc)",Referenced Document / Exhibit,Location Cited Within Exhibit (If Any)
Narayani Complaint,(copy attached as Exhibit 1),2,Exhibit 1,
Narayani Complaint,"(Ex. 1, ‚ÄúCollateral,‚Äù ‚ÄúPersonal Property Description‚Äù;",2,Exhibit 1,
Narayani Complaint,; Vertically Integrated Projects invoices attached as Group Exhibit 2),2,Exhibit 2,
Narayani Complaint,"(Ex. 1, ‚ÄúGrant of Security Interest‚Äù)",2,Exhibit 1,
Narayani Complaint,(copy attached as Exhibit 3),2,Exhibit 3,
Narayani Complaint,(Ex. 1.),2,Exhibit 1,
Narayani Complaint,(See id.),2,Exhibit 1,
Narayani Complaint,"(Ex. 1, p. 1.)",3,Exhibit 1,Page 1
Narayani Complaint,"(Ex. 1, p. 1.)",3,Exhibit 1,Page 1
Narayani Complaint,"(Ex. 1, p. 1.)",3,Exhibit 1,Page 1
Narayani Complaint,"(Ex. 1, p. 1.)",3,Exhibit 1,Page 1
Narayani Complaint,(copy attached as Exhibit 4),3,Exhibit 4,
Narayani Motion for Default,"Compl., ¬∂ 8",1,Complaint,"Page 2, Paragraph 8"
Narayani Motion for Default,"Compl., ¬∂ 10",1,Complaint,"Page 2, Paragraph 10"
Narayani Motion for Default,"Compl., ¬∂ 14",1,Complaint,"Page 3, Paragraph 14"
Narayani Motion for Default,"Compl., ¬∂ 11",2,Complaint,"Page 3, Paragraph 11"
Narayani Motion for Default,"Compl., Ex. 1.",2,Exhibit 1 of the Complaint,Exhibit 1 of Complaint (starts at page 7 of Complaint
Narayani Motion for Default,Exhibit 1,2,Exhibit 1,
Narayani Motion for Default,Exhibit 2,2,Exhibit 2,
Narayani Motion for Default,Exhibit 3,2,Exhibit 3,
Narayani Motion for Default,Exhibit 4,2,Exhibit 4,
Narayani Motion for Default,Exhibit 5,3,Exhibit 5,
Narayani Motion for Default,"Exhibit 6, ‚Åã 14",3,Exhibit 6,"Page 2, Paragraph 14"
Narayani Motion for Default,"Ex. 7, ‚Åã 15.",4,Exhibit 7,"Page 2, Paragraph 15"
Narayani Motion for Default,"Exhibit 7, ‚Åã 11-12",3,Exhibit 7,"Page 2, Paragraphs 11 and 12"
Narayani Motion for Default,Exhibit 8,4,,
Narayani Motion for Default,Exhibit 9,4,,
Narayani MSJ,See Compl. at Exh. 1;,2,Exhibit 1 of the Complaint,
Narayani MSJ,"Answer at ¬∂¬∂ 7, 19",2,Answer,"Page 2, Paragraph 7"
Narayani MSJ,"Affidavit of J. Noon, attached as Exhibit A, ¬∂¬∂ 3, 6.",2,Exhibit A,"Page 1, Paragraph 3"
Narayani MSJ,Compl. at Ex. 1;,2,Exhibit 1 of the Complaint,
Narayani MSJ,"Affidavit of J. Noon, ¬∂ 7.",2,Exhibit A,"Page 2, Paragraph 7"
Narayani MSJ,Compl. at Ex. 1;,3-Feb,Exhibit 1 of the Complaint,
Narayani MSJ,"Affidavit of J. Noon, ¬∂ 8.",3,Exhibit A,"Page 2, Paragraph 8"
Narayani MSJ,Compl. at Ex. 1;,3,Exhibit 1 of the Complaint,
Narayani MSJ,Compl. at Ex. 1;,3,Exhibit 1 of the Complaint,
Narayani MSJ,"Affidavit of J. Noon, ¬∂ 9.",3,Exhibit A,"Page 2, Paragraph 8"
Narayani MSJ,"Affidavit of J. Noon, ¬∂ 10.",3,Exhibit A,"Page 2, Paragraph 10"
Narayani MSJ,Id. at ¬∂ 11.,3,Exhibit A,"Page 2, Paragraph 11"
Narayani MSJ,"Affidavit of J. Noon, ¬∂ 12; ",3,Exhibit A,"Page 2, Paragraph 12"
Narayani MSJ,"Answer, ¬∂ 16",3,Answer,"Page 3, Paragraph 16"
Narayani MSJ,"Affidavit of J. Noon, ¬∂ 12; ",3,Exhibit A,"Page 2, Paragraph 12"
Narayani MSJ,"Answer, ¬∂ 16.",3,Answer,"Page 3, Paragraph 16"
Narayani MSJ,"Affidavit of J. Noon, ¬∂ 13.",4,Exhibit A,"Page 2, Paragraph 13"
Narayani MSJ,"Answer, ¬∂¬∂ 7, 10, 13",4,Exhibit A,"Page 2, Paragraph 7"
Narayani MSJ,"Answer, ¬∂¬∂ 14, 24.",4,Answer,"Page 3, Paragraph 14"
Narayani MSJ,"Answer, ¬∂ 15.",5,Answer,"Page 3, Paragraph 15"
Narayani MSJ,"Answer, ¬∂ 25.",5,Answer,"Page 6, Paragraph 25"
Narayani MSJ,"Affidavit of J. Noon, ¬∂ 17.",6,Exhibit A,"Page 3, Paragraph 17"
Narayani MSJ,"Affidavit of J. Noon, ¬∂ 16.",6,Exhibit A,"Page 3, Paragraph 16"
Lumber Liquidators Motion to Compel,"See Exhibit A, MDL Pretrial Order #1.",2,Exhibit A,
Lumber Liquidators Motion to Compel,"See Exhibit B, MDL ECF No. 1242.",3,Exhibit B,
Lumber Liquidators Motion to Compel,"See Exhibit C, Jensen Amended Scheduling Order.",3,Exhibit C,
Lumber Liquidators Motion to Compel,See Exhibit D,3,Exhibit D,
Lumber Liquidators Motion to Compel,Id. at p. 4.,3,Exhibit D,Page 4
Lumber Liquidators Motion to Compel,Id.,3,Exhibit D,Page 4
Lumber Liquidators Motion to Compel,Id.,3,Exhibit D,Page 4
Lumber Liquidators Motion to Compel,Id.,3,Exhibit D,Page 4
Lumber Liquidators Motion to Compel,Id.,3,Exhibit D,Page 4
Lumber Liquidators Motion to Compel,"See Exhibit E, Affidavit of Robert F. Redmond, Jr., at 3",3,Exhibit E,Page 3
Lumber Liquidators Motion to Compel,Id. at 9-10.,4,Exhibit E,Page 9
Lumber Liquidators Motion to Compel,See Exhibit C.,4,Exhibit C,Page 4
Lumber Liquidators Motion to Compel,Id. at p. 1.,4,Exhibit C,Page 1
Lumber Liquidators Motion to Compel,"See Exhibit E, Affidavit of Robert F. Redmond, Jr., at 4.",4,Exhibit E,Page 4
Lumber Liquidators Motion to Compel,Id. at 5.,4,Exhibit E,Page 5
Lumber Liquidators Motion to Compel,Id. at 6.,4,Exhibit E,Page 6
Lumber Liquidators Motion to Compel,Id. at 7.,4,Exhibit E,Page 7
Lumber Liquidators Motion to Compel,Id. at 8.,4,Exhibit E,Page 8
Lumber Liquidators Motion to Compel,See Exhibit E at 4-7.,4,Exhibit E,Page 4
MCMI Application for Confirmation of Arbitration Award,Exhibit A,2,Exhibit A,
MCMI Application for Confirmation of Arbitration Award,"Ex. A, 11.",2,Exhibit A,Page 11
MCMI Application for Confirmation of Arbitration Award,Exhibit B,2,Exhibit B,
MCMI Application for Confirmation of Arbitration Award,Exhibit C,3,Exhibit C,
MCMI Application for Confirmation of Arbitration Award,Exhibit D,3,Exhibit D,
MCMI Application for Confirmation of Arbitration Award,"Ex. D, 1.",3,Exhibit D,Page 1
MCMI Application for Confirmation of Arbitration Award,"Ex. B, 24.",4,Exhibit B,Page 24
MCMI Motion to Vacate,Exhibit A.,1,Exhibit A,
MCMI Motion to Vacate,"Ex. A, ¬∂6(h).",2,Exhibit A,"Page 11, paragraph 6, subsection (h)"
MCMI Motion to Vacate,Exhibit B.,2,Exhibit B,
MCMI Motion to Vacate,Exhibit C.,3,Exhibit C,
MCMI Motion to Vacate,Exhibit D.,3,Exhibit D,
MCMI Motion to Vacate,Ex. D.,3,Exhibit D,
MCMI Motion to Vacate,Exhibit A.,4,Exhibit A,
MCMI Motion to Vacate,Exhibit E.,4,Exhibit E,
MCMI Motion to Vacate,"See Exhibit A, ¬∂6(c).",8,Exhibit A,"Page 11, paragraph 6, subsection (h)"
MCMI Motion to Vacate,"See Exhibit A, at Schedule A, ¬∂¬∂2(a), 1(a-h).",8,Exhibit A,"Page 16, paragraph 2"
MCMI Motion to Vacate,"Pars 25-31, supra,",10,Internal citation to paragraphs 25-31,
MCMI Response to Motion to Vacate,(the ‚ÄúMotion‚Äù),1,Motion to Vacate,
MCMI Response to Motion to Vacate,"Motion, 12.",2,Motion to Vacate,Page 12
MCMI Response to Motion to Vacate,"Motion, ¬∂ 33,",3,Motion to Vacate,"Page 8, Paragraph 33"
MCMI Response to Motion to Vacate,"Motion, ¬∂¬∂ 34-35.",3,Motion to Vacate,"Page 9, Paragraph 34"
MCMI Response to Motion to Vacate,"Motion, ¬∂ 44-45.",3,Motion to Vacate,"Page 13, Paragraph 44"
MCMI Response to Motion to Vacate,"Final Award, 16-17 (attached as Exhibit C to MCMI‚Äôs Application for Confirmation of Arbitration Award).",4,Exhibit C to Application,Page 16
MCMI Response to Motion to Vacate,"Final Award, 22.",4,Exhibit C to Application,Page 22
MCMI Response to Motion to Vacate,"Final Award, 17.",4,Exhibit C to Application,Page 17
MCMI Response to Motion to Vacate,"Final Award, 17-18.",4,Exhibit C to Application,Page 17
MCMI Response to Motion to Vacate,", Motion, ¬∂ 40,",5,Motion to Vacate,"Page 12, Paragraph 40"
MCMI Response to Motion to Vacate,Arbitrator Ferguson‚Äôs Disposition of Applications for Modification of Award (attached as Exhibit D to MCMI‚Äôs Application for Confirmation of Arbitration Award),5,Exhibit D to Application,
MCMI Response to Motion to Vacate,"Motion, 8.",6,Motion to Vacate,Page 8
MCMI Response to Motion to Vacate,"Final Award, 16-17",6,Exhibit C to Application,Page 16
MCMI Response to Motion to Vacate,Id. at 17.,6,Exhibit C to Application,Page 17
MCMI Response to Motion to Vacate,"Final Award, 14-15.",6,Exhibit C to Application,Page 14
MCMI Response to Motion to Vacate,"Motion, ¬∂ 39.",7,Motion to Vacate,"Page 11, Paragraph 39"
MCMI Response to Motion to Vacate,"Final Award, 8.",7,Exhibit C to Application,Page 8
CNA Winia Complaint,(Exhibit A at 3.),2,Exhibit A,Page 3
CNA Winia Complaint,(Group Exhibits B and C [excerpted POs]),3,Exhibit B; Exhibit C,
CNA Winia Complaint,(Exhibit D),3,Exhibit D,
CNA Winia Complaint,(Ex. A).,3,Exhibit A,
CNA Winia Complaint,Group Ex. B.,4,Exhibit B,
CNA Winia Complaint,"(Group Ex. B, 1-3.)",4,Exhibit B,Page 1
CNA Winia Complaint,(Id. at 4-9.),4,Exhibit B,Page 4
CNA Winia Complaint,"(Ex. B, 10-20.)",4,Exhibit B,Page 10
CNA Winia Complaint,Exhibit C.,6,Exhibit C,
CNA Winia Complaint,(Ex. D.),8,Exhibit D,
CNA Winia Complaint,(Id.),8,Exhibit D,
CNA Winia Complaint,(Ex. A.),8,Exhibit A,
CNA Winia Complaint,(Id. at 1.) ,9,Exhibit A,Page 1
CNA Winia Complaint,(Id.),9,Exhibit A,Page 1
CNA Winia Complaint,(Id. at 2.) ,9,Exhibit A,Page 2
CNA Winia Complaint,(Id.),9,Exhibit A,Page 2
CNA Winia Complaint,(Id.),9,Exhibit A,Page 2
CNA Winia Complaint,(Ex. D at 3.),10,Exhibit D,Page 3
Ho SAC (Second Amended Complaint),"Ho Agmt. (Ex. A), p. 1, ¬∂ 1;",32,Exhibit A,"Page 1, Paragraph 1"
Ho SAC (Second Amended Complaint),"Liu Agmt. (Ex. B), p. 1, ¬∂ 1.",32,Exhibit B,"Page 1, Paragraph 1"
Ho SAC (Second Amended Complaint),"Exs. A-B, ¬ß 11",32,Exhibit A and Exhibit B,"Page 4, Section 11 (of each Exhibit)"
Ho SAC (Second Amended Complaint),Id.,32,Exhibit A and Exhibit B,"Page 4, Section 11 (of each Exhibit)"
Ho SAC (Second Amended Complaint),Id. ¬ß 2.,32,Exhibit A and Exhibit B,"Page 7, Section 2 (of each Exhibit)"
Ho SAC (Second Amended Complaint),"Id.,¬ß 2.3.",33,Exhibit A and Exhibit B,"Page 7, Section 2.3 (of each Exhibit)"
Ho SAC (Second Amended Complaint),"Id.,¬ß 2.4.",33,Exhibit A and Exhibit B,"Page 8, Section 2.4 (of each Exhibit)"
Ho SAC (Second Amended Complaint),"Id.,¬ß 3.1,",34,Exhibit A and Exhibit B,"Page 12, Section 3.1 (of each Exhibit)"
Ho SAC (Second Amended Complaint),Id.,34,Exhibit A and Exhibit B,"Page 12, Section 3.1 (of each Exhibit)"
Ho SAC (Second Amended Complaint),"Id., ¬ß 3.3.",34,Exhibit A and Exhibit B,"Page 12, Section 3.3 (of each Exhibit)"
Ho SAC (Second Amended Complaint),"Ex. A.,¬ß 3.4;",34,Exhibit A,"Page 12, Section 3.4"
Ho SAC (Second Amended Complaint), Schedule 1.,34,Exhibit A,Page 23
Ho SAC (Second Amended Complaint),"Id., ¬ß 3.9.",35,Exhibit A,"Page 13, Section 3.5"
Ho SAC (Second Amended Complaint),"Employment Agreements, ¬ß 8.",35,Exhibit A and Exhibit B,"Page 12, Section 8"
Ho SAC (Second Amended Complaint),"Id., ¬ß 1.4.",36,Exhibit A and Exhibit B,"Page 7, Section 1.4 (of each Exhibit)"
Ho SAC (Second Amended Complaint),"Id., ¬ß 1.5.",36,Exhibit A and Exhibit B,"Page 7, Section 1.5 (of each Exhibit)"
Ho SAC (Second Amended Complaint),"Id.,¬ß 8.",36,Exhibit A and Exhibit B,"Page 12, Section 8"
Ho SAC (Second Amended Complaint),"Id.,¬ß 9.",37,Exhibit A and Exhibit B,"Page 12, Section 9"
Ho SAC (Second Amended Complaint),"Id.,¬ß 10.",37,Exhibit A and Exhibit B,"Page 12, Section 10"
Ho SAC (Second Amended Complaint),"Id.,¬ß 7.",37,Exhibit A and Exhibit B,"Page 11, Section 7"
Ho SAC (Second Amended Complaint),"Id.,¬ß 12.4.",37,Exhibit A and Exhibit B,"Page 16, Section 12.4"
Ho SAC (Second Amended Complaint),"Id.,¬ß 12.3.",37,Exhibit A and Exhibit B,"Page 16, Section 12.4"
Ho SAC (Second Amended Complaint),"Id., ¬ß 12.5.",39,Exhibit A and Exhibit B,"Page 17, Section 12.5"
Ho SAC (Second Amended Complaint),"Id.,¬ß 12.9.",39,Exhibit A and Exhibit B,"Page 17, Section 12.9"
Ho SAC (Second Amended Complaint),"Ex. C, pp. 1-3.",48,Exhibit C,Page 1
Ho SAC (Second Amended Complaint),"Ex. D, p. 1.",61,Exhibit D,Page 1
Ho SAC (Second Amended Complaint),"See Ex. E, p. 1.",61,Exhibit E,Page 1
Ho SAC (Second Amended Complaint),"Ex. F, p. 1.",61,Exhibit F,Page 1
Ho SAC (Second Amended Complaint),"See Ex. G, pp. 1-2.",61,Exhibit G,Page 1
Ho SAC (Second Amended Complaint),"See Ex. H, pp. 1-2.",62,Exhibit H,Page 1
Ho SAC (Second Amended Complaint),"See Ex. I, pp. 1-2.",62,Exhibit I,Page 1
Ho SAC (Second Amended Complaint),"See Ex. J, pp. 1-4.",63,Exhibit J,Page 1
Ho SAC (Second Amended Complaint),"See Ex. K, pp. 1-3.",63,Exhibit K,Page 1
Ho SAC (Second Amended Complaint),"Ex. H, p. 2.",65,Exhibit H,Page 2
Ho SAC (Second Amended Complaint),"Ex. A, ¬∂ 12.5.",85,Exhibit A,"Page 17, Section 12.5"
Ho SAC (Second Amended Complaint),"Ex. A., ¬∂¬∂ 3.1, 3.3.",87,Exhibit A,"Page 5, Section 3.1"
Ho SAC (Second Amended Complaint),"Ex. A, ¬∂ 12.5.",89,Exhibit A,"Page 17, Section 12.5"
Ho SAC (Second Amended Complaint),"Ex. A, ¬∂ 12.5.",87,Exhibit A,"Page 17, Section 12.5"
Ho SAC (Second Amended Complaint),"Ex. A, ¬∂ 9.",90,Exhibit A,"Page 16, Section 9"
Ho SAC (Second Amended Complaint),"Employment Agreements, ¬∂ 12.4.",91,Exhibit A and Exhibit B,"Page 17, Section 12.5"
Ho MTD (Motion to Dismiss),"See Exh. 1, Transcript of Hearing on Motion to Dismiss, April 9, 2024 (‚Äú4/9/24 Tr.‚Äù).",7,Exhibit 1,
Ho MTD (Motion to Dismiss),SAC ¬∂¬∂ 1-7,7,SAC,Page 1
Ho MTD (Motion to Dismiss),SAC ¬∂ 188,7,SAC,Page 53
Ho MTD (Motion to Dismiss),SAC ¬∂ 15,7,SAC,Page 9
Ho MTD (Motion to Dismiss),SAC ¬∂ 251,8,SAC,Page 69
Ho MTD (Motion to Dismiss),SAC ¬∂ 191,9,SAC,Page 54
Ho MTD (Motion to Dismiss),SAC ¬∂ 202,9,SAC,Page 58
Ho MTD (Motion to Dismiss),"See Exhibit 2 (historical charts generated by Yahoo Finance showing general declines in the Dow Jones Industrial Average, S&P 500, Nasdaq, and S&P GSCI commodities index in late 2022)",10,Exhibit 2,
Ho MTD (Motion to Dismiss),See Exhibit 2,10,Exhibiti 2,
Ho MTD (Motion to Dismiss),SAC Exh. D at 1.,10,Exhibit D to SAC,Page 1
Ho MTD (Motion to Dismiss),SAC Exh. J at 2,10,Exhibit J to SAC,Page 2
Ho MTD (Motion to Dismiss),SAC ¬∂ 55,11,SAC,Page 22
Ho MTD (Motion to Dismiss),SAC ¬∂ 294,11,SAC,Page 83
Ho MTD (Motion to Dismiss),SAC ¬∂¬∂ 142,12,SAC,Page 44
Ho MTD (Motion to Dismiss),SAC ¬∂ 253,12,SAC,Page 71
Ho MTD (Motion to Dismiss),"4/9/24 Tr., 16:22-17:4.",13,Exhibit 1,Page 16
Ho MTD (Motion to Dismiss),SAC ¬∂ 253,13,SAC,Page 71
Ho MTD (Motion to Dismiss),SAC ¬∂ 1,13,SAC,Page 1
Ho MTD (Motion to Dismiss),SAC ¬∂¬∂ 45,14,SAC,Page 20
Ho MTD (Motion to Dismiss),SAC ¬∂¬∂ 139,14,SAC,Page 43
Ho MTD (Motion to Dismiss),SAC ¬∂ 282,15,SAC,Page 80
Ho MTD (Motion to Dismiss),SAC ¬∂ 283,15,SAC,Page 80
Ho MTD (Motion to Dismiss),SAC ¬∂ 288,16,SAC,Page 81
Ho MTD (Motion to Dismiss),SAC ¬∂¬∂ 1,16,SAC,Page 1
Ho MTD (Motion to Dismiss),SAC ¬∂ 287,16,SAC,Page 81
Ho MTD (Motion to Dismiss),SAC ¬∂ 288,17,SAC,Page 81
Ho MTD (Motion to Dismiss),SAC ¬∂ 290,18,SAC,Page 82
Ho MTD (Motion to Dismiss),SAC ¬∂ 74,19,SAC,Page 27
Ho MTD (Motion to Dismiss),SAC ¬∂ 290,20,SAC,Page 82
Ho MTD (Motion to Dismiss),SAC ¬∂ 292,21,SAC,Page 82
Ho MTD (Motion to Dismiss),SAC ¬∂ 291,21,SAC,Page 82
Ho MTD (Motion to Dismiss),SAC ¬∂ 296,23,SAC,Page 83
Ho MTD (Motion to Dismiss),SAC ¬∂ 297,24,SAC,Page 83
Ho MTD (Motion to Dismiss),"See also 4/9/24 Tr., 29:12-22",25,Exhibit 1,Page 29
Ho MTD (Motion to Dismiss),; 21:20-22:7,25,Exhibit 1,Page 21
Ho MTD (Motion to Dismiss),SAC ¬∂¬∂ 306,25,SAC,Page 85
Ho MTD (Motion to Dismiss),"4/9/24 Tr., 16:22-17:4.",26,Exhibit 1,Page 16
Ho MTD (Motion to Dismiss),"4/9/24 Tr., 36:10-15,",26,Exhibit 1,Page 36
Ho MTD (Motion to Dismiss),SAC ¬∂¬∂ 306,26,SAC,Page 85
Ho MTD (Motion to Dismiss),SAC ¬∂ 313,26,SAC,Page 87
Ho MTD (Motion to Dismiss),"4/9/24 Tr., 30:23-31:5.",27,Exhibit 1,Page 30
Ho MTD (Motion to Dismiss),"4/9/24 Tr., 32:5-18,",27,Exhibit 1,Page 32
Ho MTD (Motion to Dismiss),SAC ¬∂ 176,27,SAC,Page 51
Ho MTD (Motion to Dismiss),SAC ¬∂ 326,27,SAC,Page 90
Ho MTD (Motion to Dismiss),SAC ¬∂¬∂ 124-126,27,SAC,Page 40
Ho MTD (Motion to Dismiss),SAC ¬∂ 328,28,SAC,Page 90
Ho MTD (Motion to Dismiss),SAC ¬∂ 340,28,SAC,Page 93
Ho MTD (Motion to Dismiss),SAC ¬∂ 338,28,SAC,Page 93
Ho MTD (Motion to Dismiss),"SAC 
¬∂ 342",28,SAC,Page 94
Ho MTD (Motion to Dismiss),SAC ¬∂ 342,28,SAC,Page 94
Ho MTD (Motion to Dismiss),"4/9/24 Tr., 38:6-9.",29,Exhibit 1,Page 38
Ho MTD (Motion to Dismiss),SAC ¬∂¬∂ 346-348,29,SAC,Page 94
Ho MTD (Motion to Dismiss),SAC ¬∂ 349,29,SAC,Page 95
Ho MTD (Motion to Dismiss),SAC ¬∂ 355,29,SAC,Page 97
Ho MTD (Motion to Dismiss),SAC ¬∂ 355,30,SAC,Page 97
Ho MTD (Motion to Dismiss),SAC ¬∂ 357,30,SAC,Page 97
Ho MTD (Motion to Dismiss),SAC ¬∂ 360,30,SAC,Page 98
Ho MTD (Motion to Dismiss),SAC ¬∂ 364,31,SAC,Page 98
Ho MTD (Motion to Dismiss),SAC ¬∂¬∂ 365-366,31,SAC,Page 98
Affidavit,"(Dkt. No. 1; Aug. 15, 2016)",,Affidavit,
Affidavit,"(Dkt. No. 21; Sep. 27, 2016)",,Affidavit,
Affidavit,"(Dkt. No. 133; Feb. 28, 2020)",,Affidavit,
Affidavit,"(Dkt. No. 10; Oct. 13, 2016)",,Affidavit,
Dkt.No.30,35 U.S.C. ß 100 et seq.,,Dkt.No.30,
Dkt.No.30,28 U.S.C. ßß 2201 and 2202,,Dkt.No.30,
Dkt.No.30,28 U.S.C. ß 1331,,Dkt.No.30,
Dkt.No.30,28 U.S.C. ß 1338(a),,Dkt.No.30,
Dkt.No.30,28 U.S.C. ß 1367(a),,Dkt.No.30,
Dkt.No.30,35 U.S.C. ß 1 et seq.,,Dkt.No.30,
Dkt.No.30,"28 U.S.C. ßß 1391(b), (c), and (d)",,Dkt.No.30,
Dkt.No.30,28 U.S.C. ß 1400(b),,Dkt.No.30,
Dkt.No.30,"(N.D. of Ga., No. 1:16-cv-02970-LMM, ECF No. 1 ∂∂ 12, 27.)",,Dkt.No.30,
Dkt.No.30,"(Id. ECF Nos. 4, 8. 18.)",,Dkt.No.30,
Dkt.No.30,(Id. ECF No. 83.),,Dkt.No.30,
Dkt.No.30,(Id. ECF No. 96.),,Dkt.No.30,
Dkt.No.30,(Id. ECF No. 105.),,Dkt.No.30,
Dkt.No.30,(Id. No. 133-9.),,Dkt.No.30,
Dkt.No.30,"(Id. ECF No. 133-9 at 4, 5 of 11.)",,Dkt.No.30,
Dkt.No.30,(Id. ECF No. 133 9 at 10 of 11.),,Dkt.No.30,
Dkt.No.30,(Id. at 6 of 11.),,Dkt.No.30,
Dkt.No.30,(Id. ECF No. 133-9 at 10 of 11.) ,,Dkt.No.30,
Dkt.No.30,"28 U.S.C. ß 2201 et seq.,",,Dkt.No.30,
Dkt.No.30,"35 U.S.C. ßß 101, 102, 103, 112 and/or 116.",,Dkt.No.30,
Dkt.No.30,35 U.S.C. ßß 102 or 103.,,Dkt.No.30,
Dkt.No.30,35 U.S.C. ß 112,,Dkt.No.30,
Dkt.No.30,35 U.S.C. ß 285,,Dkt.No.30,
Primary Doc,(Dkt. No. 20),,Primary Doc,
Primary Doc,(ìFed. R. Civ. Proc.î) 12(b)(6),,Primary Doc,
Primary Doc,see Exhibit 1 (Complaint),,Primary Doc,
Primary Doc,See Exhibit 2 (AerSaleís Answer and Counterclaims),,Primary Doc,
Primary Doc,"Id., at p 28, ∂39",,Primary Doc,
Primary Doc,"Id., at p. 31, ∂58",,Primary Doc,
Primary Doc,"See Exhibit 3 (Docket), Dkt. No. 105",,Primary Doc,
Primary Doc,"See Exhibit 4, at Dkt. No. 133-9, at p. 7-8 (Notice of Arbitration)",,Primary Doc,
Primary Doc,"Id., at p. 8-9.",,Primary Doc,
Primary Doc,"Ex. 3, at p. 24",,Primary Doc,
Primary Doc,See Dkt. No. 1,,Primary Doc,
Primary Doc,"See Dkt. No. 19 (hereinafter, ìthe Answerî)",,Primary Doc,
Primary Doc,See Dkt. No. 25.,,Primary Doc,
Primary Doc,See Dkt. No. 30.,,Primary Doc,
Primary Doc,"(see id. at pp. 17-19, ∂∂106-134)",,Primary Doc,
Primary Doc,"(see id. at pp. 21-24, ∂∂146-166",,Primary Doc,
Primary Doc,"Id., at ∂∂ 112, 115, 129-131",,Primary Doc,
Primary Doc,See id. at ∂∂135-145.,,Primary Doc,
Primary Doc,Id. at 570,,Primary Doc,
Primary Doc,Id. at 1326.,,Primary Doc,
Primary Doc,Id. at 1326-27,,Primary Doc,
Primary Doc,Id. at 1327,,Primary Doc,
Primary Doc,"d., at 1331",,Primary Doc,
Primary Doc,"See, supra, ßII.B, at ∂6",,Primary Doc,
Primary Doc,"Dkt. No. 30, at ∂114",,Primary Doc,
Primary Doc,"See Rothman, 556 F.3d at 1329 (Fed. Cir. 2009)",,Primary Doc,
Primary Doc,"See Dkt. No. 30, at ∂124",,Primary Doc,
Primary Doc,Id. at 1374.,,Primary Doc,
Primary Doc,Id. at 1377,,Primary Doc,
Primary Doc,Id. at 1375.,,Primary Doc,
Primary Doc,d. at 1376,,Primary Doc,
Primary Doc,"Dkt. No. 30, at ∂147, 158",,Primary Doc,
Primary Doc,"Dkt. No. 30, ∂163",,Primary Doc,
Primary Doc,"Ex. 4, Dkt. 133-9, p.9",,Primary Doc,
Primary Doc,Id. at 1274-75,,Primary Doc,
Primary Doc,"Dkt. No. 30, at ∂∂147, 148, 158, and 159",,Primary Doc,
Primary Doc,"Exhibit 3, at p. 24; Jetaire I, at Dkt. No. 134",,Primary Doc,
Primary Doc,"See Ex. 1, Ex. 2, and Ex. 4",,Primary Doc,
Primary Doc,"See Dkt. No. 30, ∂∂147, 148, 158, and 159",,Primary Doc,
Primary Doc,"Ex. 3, at Dkt. No. 105 and Ex. 4",,Primary Doc,
Primary Doc,See Ex. 4;,,Primary Doc,
Primary Doc,See Exs. 1-4,,Primary Doc,
Primary Doc,"Dkt. No. 30, ∂∂147, 148, 154",,Primary Doc,
Primary Doc,"Dkt. No. 30, ∂147",,Primary Doc,
Primary Doc,"see supra,",,Primary Doc,
Primary Doc,at ∂∂ 156-167,,Primary Doc,
Primary Doc,"Dkt. No. 30, ∂∂137-143",,Primary Doc,
Exhibit 1,15 U.S.C. ß 1125(a),,,
Exhibit 1,14 C.F.R. ß 3.5,,,
Exhibit 1,O.C.G.A. ß 10-1-760 et seq.,,,
Exhibit 1,O.C.G.A. ß 10-1-762,,,
Exhibit 1,O.C.G.A. ß 10-1-763,,,
Exhibit 1,O.C.G.A. ß 10-1-764,,,
Exhibit 1,O.C.G.A. ß 13-6-11,,,
Exhibit 1,O.C.G.A. ß 9-5-11,,,
Exhibit 1,28 U.S.C. ß 1331,,,
Exhibit 1,28 U.S.C. ß 1332,,,
Exhibit 1,28 U.S.C. ß 1367,,,
Exhibit 1,28 U.S.C. ß 1391,,,
Exhibit 1,14 C.F.R. Part 39.13,,,
Exhibit 1,FAA Advisory Circular 120-98A,,,
Exhibit 1,FAA NPRM No. FAA-2016-6139,,,
Exhibit 1,Supplemental Type Certificate (STC) No. ST02980NY,,,
Exhibit 1,FTFR Rule,,,
Exhibit 2,28 U.S.C. ß 1331  ,,,
Exhibit 2,28 U.S.C. ß 1332  ,,,
Exhibit 2,28 U.S.C. ß 1367  ,,,
Exhibit 2,28 U.S.C. ß 1391  ,,,
Exhibit 2,15 U.S.C. ß 1125(a)  ,,,
Exhibit 2,14 C.F.R. ß 3.5  ,,,
Exhibit 2,O.C.G.A. ß 10-1-760 et seq.  ,,,
Exhibit 2,O.C.G.A. ß 10-1-763  ,,,
Exhibit 2,O.C.G.A. ß 10-1-764  ,,,
Exhibit 2,O.C.G.A. ß 13-6-11  ,,,
Exhibit 2,O.C.G.A. ß 9-5-11  ,,,
Exhibit 2,O.C.G.A. ß 10-1-372(5)  ,,,
Exhibit 2,O.C.G.A. ß 10-1-372(8)  ,,,
Exhibit 2,15 U.S.C. ß 1116  ,,,
Exhibit 3,15 U.S.C. ß 1125(a),,,
Exhibit 3,FED. R. Civ. P. 4(i),,,
Exhibit 5,28 U.S.C. ß 1331  ,,,
Exhibit 5,28 U.S.C. ß 1338  ,,,
Exhibit 5,28 U.S.C. ß 1367  ,,,
Exhibit 5,28 U.S.C. ßß 2201-02  ,,,
Exhibit 5,28 U.S.C. ß 1391  ,,,
Exhibit 5,35 U.S.C. ß 101  ,,,
Exhibit 5,35 U.S.C. ß 102  ,,,
Exhibit 5,35 U.S.C. ß 103  ,,,
Exhibit 5,35 U.S.C. ß 112  ,,,
Exhibit 5,35 U.S.C. ß 271  ,,,
Exhibit 5,35 U.S.C. ß 285  ,,,
1_23-cv-13207_22_Exhibit A,,,,
1_23-cv-13207_22_Exhibit A,"See 21 U.S.C. ßß 331(a), 352;",,,
1_23-cv-13207_22_Exhibit A," see also In re Valsartan, Losartan, & Irbesartan Prod. Liab. Litig., 2021 WL 222776, at *16 (D.N.J. Jan. 22, 2021)",,,
1_23-cv-13207_22_Exhibit A," see also Debernardis v. IQ Formulations, LLC, 942 F.3d 1076, 1085 (11th Cir. 2019);",,,
1_23-cv-13207_22_Exhibit A,See 21 U.S.C. ß 51(a)(2)(B),,,
1_23-cv-13207_22_Exhibit A,"See 21 U.S.C. ßß 331(a), 351(a)(2)(B)",,,
1_23-cv-13207_22_Exhibit A,21 U.S.C. ß 331(a),,,
1_23-cv-13207_22_Exhibit A,28 U.S.C. ß 1332(d)(2)(A),,,
1_23-cv-13207_22_Exhibit A,"28 U.S.C. ß 1332(d),",,,
1_23-cv-13207_22_Exhibit A,See 28 U.S.C. ß 1332(d)(10),,,
1_23-cv-13207_22_Exhibit A,28 U.S.C. ß 1391(b),,,
1_23-cv-13207_22_Exhibit A,Exhibit 1.,,,
1_23-cv-13207_22_Exhibit B,28 U.S.C. ß 1332(d)(2)(A),,,
1_23-cv-13207_22_Exhibit B,28 U.S.C. ß 1391(b) and (c) and 18 U.S.C. ß 1965,,,
1_23-cv-13207_22_Exhibit B,Commonality (Rule 23(a)(2)),,,
1_23-cv-13207_22_Exhibit B,Typicality (Rule 23(a)(3)),,,
1_23-cv-13207_22_Exhibit B,Adequacy (Rule 23(a)(4)),,,
1_23-cv-13207_22_Exhibit B,Fed. R. Civ. P. 23(b)(3),,,
1_23-cv-13207_22_Exhibit B,Fed. R. Civ. P. 23(b)(2),,,
1_23-cv-13207_22_Exhibit B,See N.J. Stat. Ann. ß56:8-2,,,
1_23-cv-13207_22_Exhibit B,See N.J. Stat. Ann. ß 56:8-1(d).,,,
1_23-cv-13207_22_Exhibit B,N.J. Stat. Ann. ßß 56:8-2.11 and 56:8-19,,,
1_23-cv-13207_22_Exhibit B,See Mo. Rev. Stat. Ann. ß 407.010(5).,,,
1_23-cv-13207_22_Exhibit C,"28 U.S.C. ß 1332(d)(2)(A),",,,
1_23-cv-13207_22_Exhibit C,28 U.S.C. ß 1391(b) and (c) and 18 U.S.C. ß 1965,,,
1_23-cv-13207_22_Exhibit C,Federal Rules of Civil Procedure 23(a) and 23(b)(3),,,
1_23-cv-13207_22_Exhibit C,Numerosity (Rule 23(a)(1)),,,
1_23-cv-13207_22_Exhibit C,Commonality (Rule 23(a)(2)),,,
1_23-cv-13207_22_Exhibit C,Typicality (Rule 23(a)(3)).,,,
1_23-cv-13207_22_Exhibit C,Adequacy (Rule 23(a)(4)),,,
1_23-cv-13207_22_Exhibit C,Fed. R. Civ. P. 23(b)(3),,,
1_23-cv-13207_22_Exhibit C,Fed. R. Civ. P. 23(b)(2),,,
1_23-cv-13207_22_Exhibit C,See N.J. Stat. Ann. ß56:8-2.,,,
1_23-cv-13207_22_Exhibit C,See N.J. Stat. Ann. ß 56:8-1(d),,,
1_23-cv-13207_22_Exhibit C,N.J. Stat. Ann. ß 56:8-1(c),,,
1_23-cv-13207_22_Exhibit C,N.J. Stat. Ann. ß 56:8-2,,,
1_23-cv-13207_22_Exhibit C,N.J. Stat. Ann. ßß 56:8-2.11 and 56:8-19,,,
1_23-cv-13207_22_Exhibit C,See Mo. Rev. Stat. Ann. ß 407.010(5),,,
1_23-cv-13207_22_Exhibit C,Mo. Rev. Stat. Ann. ß 407.020,,,
1_23-cv-13207_22_Exhibit C,Cal. Civ. Code ß 1761(d),,,
1_23-cv-13207_22_Exhibit C,Cal. Civ. Code ß 1761(a),,,
1_23-cv-13207_22_Exhibit C,Cal. Civ. Code ß 1761(c),,,
1_23-cv-13207_22_Exhibit C,Cal. Civ. Code ß 1761(e),,,
1_23-cv-13207_22_Exhibit C,Cal. Bus. & Prof. Code ß17500.,,,
1_23-cv-13207_22_Exhibit C,Cal. Bus. & Prof. Code ß17200,,,
1_23-cv-13207_22_Exhibit C,Cal. Bus. & Prof. Code ß17200,,,
1_23-cv-13207_22_Exhibit C,Ind. Code ß24-5-0.5-2(a)(2).,,,
1_23-cv-13207_22_Exhibit C,Ind. Code ß24-5-0.5-2(a)(3),,,
1_23-cv-13207_22_Exhibit C,"Ind. Code ßß24-5-0.5-0.1, et seq.,",,,
1_23-cv-13207_22_Exhibit C,Ind. Code ß24-5-0.5-3:,,,
1_23-cv-13207_22_Exhibit C,Ind. Code ß24-5-0.5-4(a),,,
1_23-cv-13207_22_Exhibit C,Ind. Code ß24-5-0.5-4(b),,,
1_23-cv-13207_22_Exhibit C,"M.G.L.A. ch. 93A ß1, et seq",,,
1_23-cv-13207_22_Exhibit C,M.G.L. ch. 93A ß9(3),,,
1_23-cv-13207_22_Exhibit C,M.G.L.A. 93A ß1(a),,,
1_23-cv-13207_22_Exhibit C,S.C. Code Ann. ß 39-5-10(a),,,
1_23-cv-13207_22_Exhibit C,S.C. Code Ann. ß 39-5-10(b),,,
1_23-cv-13207_22_Exhibit C,See S.C. Code Ann. ß 39-5-20,,,
1_23-cv-13207_22_Exhibit D,21 U.S.C. ß 351(a)(2)(B),,,
1_23-cv-13207_22_Exhibit D,21 U.S.C. ß 331(a),,,
1_23-cv-13207_22_Exhibit D,21 U.S.C. ß 51(a)(2)(B),,,
1_23-cv-13207_22_Exhibit D,21 C.F.R. ß 201.66,,,
1_23-cv-13207_22_Exhibit D,21 C.F.R. ß 210.1(a),,,
1_23-cv-13207_22_Exhibit D,21 C.F.R. ß 211.100,,,
1_23-cv-13207_22_Exhibit D,21 C.F.R. ß 211.160,,,
1_23-cv-13207_22_Exhibit D,21 C.F.R. ß 211.194,,,
1_23-cv-13207_22_Exhibit D,21 C.F.R. Parts 210 and 211,,,
1_23-cv-13207_22_Exhibit D,Cal. Bus. & Prof. Code ßß 17200 et seq.,,,
1_23-cv-13207_22_Exhibit D,Cal. Bus. & Prof. Code ßß 17500 et seq.,,,
1_23-cv-13207_22_Exhibit D,Cal. Bus. & Prof. Code ß 17203,,,
1_23-cv-13207_22_Exhibit D,Cal. Bus. & Prof. Code ß 17500,,,
1_23-cv-13207_22_Exhibit D,Cal. Civ. Code ßß 1750 et seq.,,,
1_23-cv-13207_22_Exhibit D,"Cal. Civ. Code ßß 1761(a)-(e), 1770(a)(5), (7), (9), (16)",,,
1_23-cv-13207_22_Exhibit D,"Cal. Health & Safety Code ßß 109875 et seq., ß 111330",,,
1_23-cv-13207_22_Exhibit D,N.Y. Gen. Bus. Law ß 349,,,
1_23-cv-13207_22_Exhibit D,"N.J. Stat. ßß 56:8-1, et seq.",,,
1_23-cv-13207_22_Exhibit D,N.J. Stat. ß 56:8-2,,,
1_23-cv-13207_22_Exhibit D,"Mass. Gen. Laws ch. 93A, ßß 1, 2",,,
1_23-cv-13207_22_Exhibit D,"American Life Ins. Co. v. Stewart, 300 U.S. 203, 214 (1937)",,,
1_23-cv-13207_22_Exhibit D,"United States v. Bluitt, 815 F. Supp. 1314, 1317 (N.D. Cal. Oct. 6, 1992)",,,
1_23-cv-13207_22_Exhibit D,"Quist v. Empire Water Co., 2014 Cal. 646, 643 (1928)",,,
1_23-cv-13207_22_Exhibit D,"Debernardis v. IQ Formulations, LLC, 942 F.3d 1076, 1085 (11th Cir. 2019)",,,
1_23-cv-13207_22_Exhibit D,"In re Valsartan, Losartan, & Irbesartan Prod. Liab. Litig., 2021 WL 222776, at *16 (D.N.J. Jan. 22, 2021)",,,
1_23-cv-13207_22_Exhibit D,"Barnes v. Unilever United States, Inc., 2022 WL 2915629, at *1 (N.D. Ill. July 24, 2022)",,,
1_23-cv-13207_22_PRIMARY DOCUMENT,Restatement (Third) of Restitution ß 4(2),,,
1_23-cv-13207_22_PRIMARY DOCUMENT,"Huertas v. Bayer U.S., LLC, 2023 WL 3773139 (D.N.J. May 23, 2023)",,,
1_23-cv-13207_22_PRIMARY DOCUMENT,"Serlin v. Arthur Andersen & Co., 3 F.3d 221, 223 (7th Cir. 1993)",,,
1_23-cv-13207_22_PRIMARY DOCUMENT,"Tavistock Rest. Grp., LLC v. Zurich Am. Ins. Co., 2021 WL 1614519, at *9 (N.D. Ill. Apr. 26, 2021)",,,
1_23-cv-13207_22_PRIMARY DOCUMENT,28 U.S.C. ß 1404,,,
1_23-cv-13207_22_PRIMARY DOCUMENT,Huertas Compl. ∂ 34,,,
1_23-cv-13207_22_PRIMARY DOCUMENT,"Id. ∂∂ 1, 32ñ33",,,
1_23-cv-13207_22_PRIMARY DOCUMENT,Id. ∂∂ 10ñ11,,,
1_23-cv-13207_22_PRIMARY DOCUMENT,Id. ∂ 13,,,
1_23-cv-13207_22_PRIMARY DOCUMENT,"Id. ∂∂ 27, 28",,,
1_23-cv-13207_22_PRIMARY DOCUMENT,Id. ∂∂ 52ñ105,,,
1_23-cv-13207_22_PRIMARY DOCUMENT,Id. ∂∂ 39ñ40,,,
1_23-cv-13207_22_PRIMARY DOCUMENT,Villarreal Compl.,,,
1_23-cv-13207_22_PRIMARY DOCUMENT,Villarreal Am. Compl. at 1 & ∂ 1,,,
1_23-cv-13207_22_PRIMARY DOCUMENT,"Huertas Am. Compl. ∂∂ 1, 6ñ7, 25, 80ñ97",,,
1_23-cv-13207_22_PRIMARY DOCUMENT,"Huertas v. Bayer U.S., LLC, 2022 WL 3572818, at *7 (D.N.J. Aug. 19, 2022)",,,
1_23-cv-13207_22_PRIMARY DOCUMENT,"Huertas v. Bayer U.S., LLC, No. 23-2178 (3d Cir.)",,,
1_23-cv-13207_22_PRIMARY DOCUMENT,Compl. ∂∂ 146ñ47,,,
1_23-cv-13207_22_PRIMARY DOCUMENT,Compl. ∂∂ 169ñ229,,,
1_23-cv-13207_22_PRIMARY DOCUMENT,Compl. ∂∂ 230ñ58,,,
1_23-cv-13207_22_PRIMARY DOCUMENT,"Huertas Am. Compl. ∂∂ 121ñ36, 163ñ77, 296ñ304",,,
1_23-cv-13207_22_PRIMARY DOCUMENT,"Huertas Am. Compl. ∂∂ 178ñ90, 244ñ58",,,
1_23-cv-13207_22_PRIMARY DOCUMENT,Compl. ∂ 3,,,
1_23-cv-13207_22_PRIMARY DOCUMENT,Compl. ∂∂ 124ñ25,,,
1_23-cv-13207_22_PRIMARY DOCUMENT,Compl. ∂∂ 126ñ27,,,
1_23-cv-13207_22_PRIMARY DOCUMENT,Huertas Compl. ∂∂ 80ñ81,,,
1_23-cv-13207_22_PRIMARY DOCUMENT,"Bayer HealthCare LLC v. Aeropres, No. 23-cv-04391 (N.D. Ill. filed July 7, 2023)",,,
1_23-cv-13207_22_PRIMARY DOCUMENT,"First Health Grp. Corp. v. Motel 6 Operating L.P., 2000 WL 984160, at *2 (N.D. Ill. July 17, 2000)",,,
1_23-cv-13207_22_PRIMARY DOCUMENT,"Askin v. Quaker Oats Co., 2012 WL 517491, at *3 (N.D. Ill. Feb. 15, 2012)",,,
1_23-cv-13207_22_PRIMARY DOCUMENT,"Nicholson v. Nationstar Mortg. LLC of Del., 2018 WL 3344408, at *5 (N.D. Ill. July 6, 2018)",,,
1_23-cv-13207_22_PRIMARY DOCUMENT,"Moore v. Morgan Stanley & Co., 2007 WL 4354987, at *2 (N.D. Ill. Dec. 6, 2007)",,,
1_23-cv-13207_22_PRIMARY DOCUMENT,"Kohn L. Grp., Inc. v. Auto Parts Mfg. Miss., Inc., 787 F.3d 1237, 1240 (9th Cir. 2015)",,,
1_23-cv-13207_22_PRIMARY DOCUMENT,"Molander v. Google LLC, 473 F. Supp. 3d 1013, 1019 (N.D. Cal. 2020)",,,
1_23-cv-13207_22_PRIMARY DOCUMENT,"Cent. States, Se. & Sw. Areas Pension Fund v. Paramount Liquor Co., 203 F.3d 442, 445 (7th Cir. 2000)",,,
1_23-cv-13207_22_PRIMARY DOCUMENT,"Am. Pipe & Constr. Co. v. Utah, 414 U.S. 538, 554 (1974)",,,
1_23-cv-13207_22_PRIMARY DOCUMENT,28 U.S.C. ß 1391(b)(2),,,
1_23-cv-13207_22_PRIMARY DOCUMENT,"Bryant v. ITT Corp., 48 F. Supp. 2d 829, 832 (N.D. Ill. 1999)",,,
1_23-cv-13207_22_PRIMARY DOCUMENT,"Jaramillo v. DineEquity, Inc., 664 F. Supp. 2d 908, 914 (N.D. Ill. 2009)",,,
1_23-cv-13207_22_PRIMARY DOCUMENT,"Amorose v. C.H. Robinson Worldwide, Inc., 521 F. Supp. 2d 731, 735 (N.D. Ill. 2007)",,,
1_23-cv-13207_22_PRIMARY DOCUMENT,"Holman v. AMU Trans, LLC, 2015 WL 3918488, at *3 (N.D. Ill. June 25, 2015)",,,
1_23-cv-13207_22_PRIMARY DOCUMENT,"Gierwatowski v. Trader Joeís Co., 2021 WL 2660760, at *1 (N.D. Ill. June 29, 2021)",,,
1_23-cv-13207_22_PRIMARY DOCUMENT,"Law Bulletin Publíg, Co. v. LRP Publíns, Inc., 992 F. Supp. 1014, 1018 (N.D. Ill. 1998)",,,
1_23-cv-13207_22_PRIMARY DOCUMENT,"Grossman v. Smart, 1995 WL 767893, at *1 (7th Cir. 1995)",,,
1_23-cv-13207_22_PRIMARY DOCUMENT,"Gabet v. Amazon.com, Inc., 2022 WL 4078442, at *4 (N.D. Ind. Sept. 6, 2022)",,,
